{
    "books": [
        {
            "title": "To Kill a Mockingbird",
            "author": "Harper Lee",
            "year_published": 1960,
            "genres": [
                "Fiction",
                "Southern Gothic",
                "Bildungsroman"
            ],
            "available_in_ebook": true,
            "translator": null
        },
        {
            "title": "1984",
            "author": "George Orwell",
            "year_published": 1949,
            "genres": [
                "Dystopian",
                "Political Fiction",
                "Social Science Fiction"
            ],
            "available_in_ebook": true,
            "translator": null
        },
        {
            "title": "Moby Dick",
            "author": "Herman Melville",
            "year_published": 1851,
            "genres": [
                "Adventure",
                "Epic",
                "Maritime"
            ],
            "available_in_ebook": false,
            "translator": null
        }
    ]
}
